Equipo,MetaEquipo,Tabla,Link
Barcelona,Barcelona,scores_and_fixtures,https://fbref.com/en/squads/206d90db/2024-2025/Barcelona-Stats#all_matchlogs
Barcelona,Barcelona,scores_and_fixtures,https://fbref.com/en/squads/206d90db/2023-2024/Barcelona-Stats#all_matchlogs
Alavés,Alaves,scores_and_fixtures,https://fbref.com/en/squads/8d6fd021/2024-2025/Alaves-Stats#all_matchlogs
Alavés,Alaves,scores_and_fixtures,https://fbref.com/en/squads/8d6fd021/2023-2024/Alaves-Stats#all_matchlogs
Leganés,Leganes,scores_and_fixtures,https://fbref.com/en/squads/7c6f2c78/2024-2025/Leganes-Stats#all_matchlogs
Leganés,Leganes,scores_and_fixtures,https://fbref.com/en/squads/7c6f2c78/2023-2024/Leganes-Stats#all_matchlogs
Athletic Club,Athletic_Club,scores_and_fixtures,https://fbref.com/en/squads/2b390eca/2024-2025/Athletic-Club-Stats#all_matchlogs
Athletic Club,Athletic_Club,scores_and_fixtures,https://fbref.com/en/squads/2b390eca/2023-2024/Athletic-Club-Stats#all_matchlogs
Atlético Madrid,Atletico_Madrid,scores_and_fixtures,https://fbref.com/en/squads/db3b9613/2024-2025/Atletico-Madrid-Stats#all_matchlogs
Atlético Madrid,Atletico_Madrid,scores_and_fixtures,https://fbref.com/en/squads/db3b9613/2023-2024/Atletico-Madrid-Stats#all_matchlogs
Real Betis,Real_Betis,scores_and_fixtures,https://fbref.com/en/squads/fc536746/2024-2025/Real-Betis-Stats#all_matchlogs
Real Betis,Real_Betis,scores_and_fixtures,https://fbref.com/en/squads/fc536746/2023-2024/Real-Betis-Stats#all_matchlogs
Espanyol,Espanyol,scores_and_fixtures,https://fbref.com/en/squads/a8661628/2024-2025/Espanyol-Stats#all_matchlogs
Espanyol,Espanyol,scores_and_fixtures,https://fbref.com/en/squads/a8661628/2023-2024/Espanyol-Stats#all_matchlogs
Celta Vigo,Celta_Vigo,scores_and_fixtures,https://fbref.com/en/squads/f25da7fb/2024-2025/Celta_Vigo-Stats#all_matchlogs
Celta Vigo,Celta_Vigo,scores_and_fixtures,https://fbref.com/en/squads/f25da7fb/2023-2024/Celta_Vigo-Stats#all_matchlogs
Getafe,Getafe,scores_and_fixtures,https://fbref.com/en/squads/7848bd64/2024-2025/Getafe-Stats#all_matchlogs
Getafe,Getafe,scores_and_fixtures,https://fbref.com/en/squads/7848bd64/2023-2024/Getafe-Stats#all_matchlogs
Girona,Girona,scores_and_fixtures,https://fbref.com/en/squads/9024a00a/2024-2025/Girona-Stats#all_matchlogs
Girona,Girona,scores_and_fixtures,https://fbref.com/en/squads/9024a00a/2023-2024/Girona-Stats#all_matchlogs
Valladolid,Valladolid,scores_and_fixtures,https://fbref.com/en/squads/17859612/2024-2025/Valladolid-Stats#all_matchlogs
Valladolid,Valladolid,scores_and_fixtures,https://fbref.com/en/squads/17859612/2023-2024/Valladolid-Stats#all_matchlogs
Las Palmas,Las_Palmas,scores_and_fixtures,https://fbref.com/en/squads/0049d422/2023-2024/Las-Palmas-Stats#all_matchlogs
Las Palmas,Las_Palmas,scores_and_fixtures,https://fbref.com/en/squads/0049d422/2024-2025/Las-Palmas-Stats#all_matchlogs
Mallorca,Mallorca,scores_and_fixtures,https://fbref.com/en/squads/2aa12281/2024-2025/Mallorca-Stats#all_matchlogs
Mallorca,Mallorca,scores_and_fixtures,https://fbref.com/en/squads/2aa12281/2023-2024/Mallorca-Stats#all_matchlogs
Osasuna,Osasuna,scores_and_fixtures,https://fbref.com/en/squads/03c57e2b/2024-2025/Osasuna-Stats#all_matchlogs
Osasuna,Osasuna,scores_and_fixtures,https://fbref.com/en/squads/03c57e2b/2023-2024/Osasuna-Stats#all_matchlogs
Rayo Vallecano,Rayo_Vallecano,scores_and_fixtures,https://fbref.com/en/squads/98e8af82/2024-2025/Rayo-Vallecano-Stats#all_matchlogs
Rayo Vallecano,Rayo_Vallecano,scores_and_fixtures,https://fbref.com/en/squads/98e8af82/2023-2024/Rayo-Vallecano-Stats#all_matchlogs
Real Madrid,Real_Madrid,scores_and_fixtures,https://fbref.com/en/squads/53a2f082/2024-2025/Real-Madrid-Stats#all_matchlogs
Real Madrid,Real_Madrid,scores_and_fixtures,https://fbref.com/en/squads/53a2f082/2023-2024/Real-Madrid-Stats#all_matchlogs
Real Sociedad,Real_Sociedad,scores_and_fixtures,https://fbref.com/en/squads/e31d1cd9/2024-2025/Real-Sociedad-Stats#all_matchlogs
Real Sociedad,Real_Sociedad,scores_and_fixtures,https://fbref.com/en/squads/e31d1cd9/2023-2024/Real-Sociedad-Stats#all_matchlogs
Sevilla,Sevilla,scores_and_fixtures,https://fbref.com/en/squads/ad2be733/2024-2025/Sevilla-Stats#all_matchlogs
Sevilla,Sevilla,scores_and_fixtures,https://fbref.com/en/squads/ad2be733/2023-2024/Sevilla-Stats#all_matchlogs
Valencia,Valencia,scores_and_fixtures,https://fbref.com/en/squads/dcc91a7b/2024-2025/Valencia-Stats#all_matchlogs
Valencia,Valencia,scores_and_fixtures,https://fbref.com/en/squads/dcc91a7b/2023-2024/Valencia-Stats#all_matchlogs
Villarreal,Villarreal,scores_and_fixtures,https://fbref.com/en/squads/2a8183b3/2024-2025/Villarreal-Stats#all_matchlogs
Villarreal,Villarreal,scores_and_fixtures,https://fbref.com/en/squads/2a8183b3/2023-2024/Villarreal-Stats#all_matchlogs
Barcelona,Barcelona,scores_and_fixtures,https://fbref.com/en/squads/206d90db/2022-2023/Barcelona-Stats#all_matchlogs
Alavés,Alaves,scores_and_fixtures,https://fbref.com/en/squads/8d6fd021/2022-2023/Alaves-Stats#all_matchlogs
Leganés,Leganes,scores_and_fixtures,https://fbref.com/en/squads/7c6f2c78/2022-2023/Leganes-Stats#all_matchlogs
Athletic Club,Athletic_Club,scores_and_fixtures,https://fbref.com/en/squads/2b390eca/2022-2023/Athletic-Club-Stats#all_matchlogs
Atlético Madrid,Atletico_Madrid,scores_and_fixtures,https://fbref.com/en/squads/db3b9613/2022-2023/Atletico-Madrid-Stats#all_matchlogs
Real Betis,Real_Betis,scores_and_fixtures,https://fbref.com/en/squads/fc536746/2022-2023/Real-Betis-Stats#all_matchlogs
Espanyol,Espanyol,scores_and_fixtures,https://fbref.com/en/squads/a8661628/2022-2023/Espanyol-Stats#all_matchlogs
Celta Vigo,Celta_Vigo,scores_and_fixtures,https://fbref.com/en/squads/f25da7fb/2022-2023/Celta_Vigo-Stats#all_matchlogs
Getafe,Getafe,scores_and_fixtures,https://fbref.com/en/squads/7848bd64/2022-2023/Getafe-Stats#all_matchlogs
Girona,Girona,scores_and_fixtures,https://fbref.com/en/squads/9024a00a/2022-2023/Girona-Stats#all_matchlogs
Valladolid,Valladolid,scores_and_fixtures,https://fbref.com/en/squads/17859612/2022-2023/Valladolid-Stats#all_matchlogs
Las Palmas,Las_Palmas,scores_and_fixtures,https://fbref.com/en/squads/0049d422/2022-2023/Las-Palmas-Stats#all_matchlogs
Mallorca,Mallorca,scores_and_fixtures,https://fbref.com/en/squads/2aa12281/2022-2023/Mallorca-Stats#all_matchlogs
Osasuna,Osasuna,scores_and_fixtures,https://fbref.com/en/squads/03c57e2b/2022-2023/Osasuna-Stats#all_matchlogs
Rayo Vallecano,Rayo_Vallecano,scores_and_fixtures,https://fbref.com/en/squads/98e8af82/2022-2023/Rayo-Vallecano-Stats#all_matchlogs
Real Madrid,Real_Madrid,scores_and_fixtures,https://fbref.com/en/squads/53a2f082/2022-2023/Real-Madrid-Stats#all_matchlogs
Real Sociedad,Real_Sociedad,scores_and_fixtures,https://fbref.com/en/squads/e31d1cd9/2022-2023/Real-Sociedad-Stats#all_matchlogs
Sevilla,Sevilla,scores_and_fixtures,https://fbref.com/en/squads/ad2be733/2022-2023/Sevilla-Stats#all_matchlogs
Valencia,Valencia,scores_and_fixtures,https://fbref.com/en/squads/dcc91a7b/2022-2023/Valencia-Stats#all_matchlogs
Villarreal,Villarreal,scores_and_fixtures,https://fbref.com/en/squads/2a8183b3/2022-2023/Villarreal-Stats#all_matchlogs
Barcelona,Barcelona,scores_and_fixtures,https://fbref.com/en/squads/206d90db/2021-2022/Barcelona-Stats#all_matchlogs
Alavés,Alaves,scores_and_fixtures,https://fbref.com/en/squads/8d6fd021/2021-2022/Alaves-Stats#all_matchlogs
Leganés,Leganes,scores_and_fixtures,https://fbref.com/en/squads/7c6f2c78/2021-2022/Leganes-Stats#all_matchlogs
Athletic Club,Athletic_Club,scores_and_fixtures,https://fbref.com/en/squads/2b390eca/2021-2022/Athletic-Club-Stats#all_matchlogs
Atlético Madrid,Atletico_Madrid,scores_and_fixtures,https://fbref.com/en/squads/db3b9613/2021-2022/Atletico-Madrid-Stats#all_matchlogs
Real Betis,Real_Betis,scores_and_fixtures,https://fbref.com/en/squads/fc536746/2021-2022/Real-Betis-Stats#all_matchlogs
Espanyol,Espanyol,scores_and_fixtures,https://fbref.com/en/squads/a8661628/2021-2022/Espanyol-Stats#all_matchlogs
Celta Vigo,Celta_Vigo,scores_and_fixtures,https://fbref.com/en/squads/f25da7fb/2021-2022/Celta_Vigo-Stats#all_matchlogs
Getafe,Getafe,scores_and_fixtures,https://fbref.com/en/squads/7848bd64/2021-2022/Getafe-Stats#all_matchlogs
Girona,Girona,scores_and_fixtures,https://fbref.com/en/squads/9024a00a/2021-2022/Girona-Stats#all_matchlogs
Valladolid,Valladolid,scores_and_fixtures,https://fbref.com/en/squads/17859612/2021-2022/Valladolid-Stats#all_matchlogs
Las Palmas,Las_Palmas,scores_and_fixtures,https://fbref.com/en/squads/0049d422/2021-2022/Las-Palmas-Stats#all_matchlogs
Mallorca,Mallorca,scores_and_fixtures,https://fbref.com/en/squads/2aa12281/2021-2022/Mallorca-Stats#all_matchlogs
Osasuna,Osasuna,scores_and_fixtures,https://fbref.com/en/squads/03c57e2b/2021-2022/Osasuna-Stats#all_matchlogs
Rayo Vallecano,Rayo_Vallecano,scores_and_fixtures,https://fbref.com/en/squads/98e8af82/2021-2022/Rayo-Vallecano-Stats#all_matchlogs
Real Madrid,Real_Madrid,scores_and_fixtures,https://fbref.com/en/squads/53a2f082/2021-2022/Real-Madrid-Stats#all_matchlogs
Real Sociedad,Real_Sociedad,scores_and_fixtures,https://fbref.com/en/squads/e31d1cd9/2021-2022/Real-Sociedad-Stats#all_matchlogs
Sevilla,Sevilla,scores_and_fixtures,https://fbref.com/en/squads/ad2be733/2021-2022/Sevilla-Stats#all_matchlogs
Valencia,Valencia,scores_and_fixtures,https://fbref.com/en/squads/dcc91a7b/2021-2022/Valencia-Stats#all_matchlogs
Villarreal,Villarreal,scores_and_fixtures,https://fbref.com/en/squads/2a8183b3/2021-2022/Villarreal-Stats#all_matchlogs
Barcelona,Barcelona,scores_and_fixtures,https://fbref.com/en/squads/206d90db/2020-2021/Barcelona-Stats#all_matchlogs
Alavés,Alaves,scores_and_fixtures,https://fbref.com/en/squads/8d6fd021/2020-2021/Alaves-Stats#all_matchlogs
Leganés,Leganes,scores_and_fixtures,https://fbref.com/en/squads/7c6f2c78/2020-2021/Leganes-Stats#all_matchlogs
Athletic Club,Athletic_Club,scores_and_fixtures,https://fbref.com/en/squads/2b390eca/2020-2021/Athletic-Club-Stats#all_matchlogs
Atlético Madrid,Atletico_Madrid,scores_and_fixtures,https://fbref.com/en/squads/db3b9613/2020-2021/Atletico-Madrid-Stats#all_matchlogs
Real Betis,Real_Betis,scores_and_fixtures,https://fbref.com/en/squads/fc536746/2020-2021/Real-Betis-Stats#all_matchlogs
Espanyol,Espanyol,scores_and_fixtures,https://fbref.com/en/squads/a8661628/2020-2021/Espanyol-Stats#all_matchlogs
Celta Vigo,Celta_Vigo,scores_and_fixtures,https://fbref.com/en/squads/f25da7fb/2020-2021/Celta_Vigo-Stats#all_matchlogs
Getafe,Getafe,scores_and_fixtures,https://fbref.com/en/squads/7848bd64/2020-2021/Getafe-Stats#all_matchlogs
Girona,Girona,scores_and_fixtures,https://fbref.com/en/squads/9024a00a/2020-2021/Girona-Stats#all_matchlogs
Valladolid,Valladolid,scores_and_fixtures,https://fbref.com/en/squads/17859612/2020-2021/Valladolid-Stats#all_matchlogs
Las Palmas,Las_Palmas,scores_and_fixtures,https://fbref.com/en/squads/0049d422/2020-2021/Las-Palmas-Stats#all_matchlogs
Mallorca,Mallorca,scores_and_fixtures,https://fbref.com/en/squads/2aa12281/2020-2021/Mallorca-Stats#all_matchlogs
Osasuna,Osasuna,scores_and_fixtures,https://fbref.com/en/squads/03c57e2b/2020-2021/Osasuna-Stats#all_matchlogs
Rayo Vallecano,Rayo_Vallecano,scores_and_fixtures,https://fbref.com/en/squads/98e8af82/2020-2021/Rayo-Vallecano-Stats#all_matchlogs
Real Madrid,Real_Madrid,scores_and_fixtures,https://fbref.com/en/squads/53a2f082/2020-2021/Real-Madrid-Stats#all_matchlogs
Real Sociedad,Real_Sociedad,scores_and_fixtures,https://fbref.com/en/squads/e31d1cd9/2020-2021/Real-Sociedad-Stats#all_matchlogs
Sevilla,Sevilla,scores_and_fixtures,https://fbref.com/en/squads/ad2be733/2020-2021/Sevilla-Stats#all_matchlogs
Valencia,Valencia,scores_and_fixtures,https://fbref.com/en/squads/dcc91a7b/2020-2021/Valencia-Stats#all_matchlogs
Villarreal,Villarreal,scores_and_fixtures,https://fbref.com/en/squads/2a8183b3/2020-2021/Villarreal-Stats#all_matchlogs
Barcelona,Barcelona,scores_and_fixtures,https://fbref.com/en/squads/206d90db/2019-2020/Barcelona-Stats#all_matchlogs
Alavés,Alaves,scores_and_fixtures,https://fbref.com/en/squads/8d6fd021/2019-2020/Alaves-Stats#all_matchlogs
Leganés,Leganes,scores_and_fixtures,https://fbref.com/en/squads/7c6f2c78/2019-2020/Leganes-Stats#all_matchlogs
Athletic Club,Athletic_Club,scores_and_fixtures,https://fbref.com/en/squads/2b390eca/2019-2020/Athletic-Club-Stats#all_matchlogs
Atlético Madrid,Atletico_Madrid,scores_and_fixtures,https://fbref.com/en/squads/db3b9613/2019-2020/Atletico-Madrid-Stats#all_matchlogs
Real Betis,Real_Betis,scores_and_fixtures,https://fbref.com/en/squads/fc536746/2019-2020/Real-Betis-Stats#all_matchlogs
Espanyol,Espanyol,scores_and_fixtures,https://fbref.com/en/squads/a8661628/2019-2020/Espanyol-Stats#all_matchlogs
Celta Vigo,Celta_Vigo,scores_and_fixtures,https://fbref.com/en/squads/f25da7fb/2019-2020/Celta_Vigo-Stats#all_matchlogs
Getafe,Getafe,scores_and_fixtures,https://fbref.com/en/squads/7848bd64/2019-2020/Getafe-Stats#all_matchlogs
Girona,Girona,scores_and_fixtures,https://fbref.com/en/squads/9024a00a/2019-2020/Girona-Stats#all_matchlogs
Valladolid,Valladolid,scores_and_fixtures,https://fbref.com/en/squads/17859612/2019-2020/Valladolid-Stats#all_matchlogs
Las Palmas,Las_Palmas,scores_and_fixtures,https://fbref.com/en/squads/0049d422/2019-2020/Las-Palmas-Stats#all_matchlogs
Mallorca,Mallorca,scores_and_fixtures,https://fbref.com/en/squads/2aa12281/2019-2020/Mallorca-Stats#all_matchlogs
Osasuna,Osasuna,scores_and_fixtures,https://fbref.com/en/squads/03c57e2b/2019-2020/Osasuna-Stats#all_matchlogs
Rayo Vallecano,Rayo_Vallecano,scores_and_fixtures,https://fbref.com/en/squads/98e8af82/2019-2020/Rayo-Vallecano-Stats#all_matchlogs
Real Madrid,Real_Madrid,scores_and_fixtures,https://fbref.com/en/squads/53a2f082/2019-2020/Real-Madrid-Stats#all_matchlogs
Real Sociedad,Real_Sociedad,scores_and_fixtures,https://fbref.com/en/squads/e31d1cd9/2019-2020/Real-Sociedad-Stats#all_matchlogs
Sevilla,Sevilla,scores_and_fixtures,https://fbref.com/en/squads/ad2be733/2019-2020/Sevilla-Stats#all_matchlogs
Valencia,Valencia,scores_and_fixtures,https://fbref.com/en/squads/dcc91a7b/2019-2020/Valencia-Stats#all_matchlogs
Villarreal,Villarreal,scores_and_fixtures,https://fbref.com/en/squads/2a8183b3/2019-2020/Villarreal-Stats#all_matchlogs
Barcelona,Barcelona,scores_and_fixtures,https://fbref.com/en/squads/206d90db/2018-2019/Barcelona-Stats#all_matchlogs
Alavés,Alaves,scores_and_fixtures,https://fbref.com/en/squads/8d6fd021/2018-2019/Alaves-Stats#all_matchlogs
Leganés,Leganes,scores_and_fixtures,https://fbref.com/en/squads/7c6f2c78/2018-2019/Leganes-Stats#all_matchlogs
Athletic Club,Athletic_Club,scores_and_fixtures,https://fbref.com/en/squads/2b390eca/2018-2019/Athletic-Club-Stats#all_matchlogs
Atlético Madrid,Atletico_Madrid,scores_and_fixtures,https://fbref.com/en/squads/db3b9613/2018-2019/Atletico-Madrid-Stats#all_matchlogs
Real Betis,Real_Betis,scores_and_fixtures,https://fbref.com/en/squads/fc536746/2018-2019/Real-Betis-Stats#all_matchlogs
Espanyol,Espanyol,scores_and_fixtures,https://fbref.com/en/squads/a8661628/2018-2019/Espanyol-Stats#all_matchlogs
Celta Vigo,Celta_Vigo,scores_and_fixtures,https://fbref.com/en/squads/f25da7fb/2018-2019/Celta_Vigo-Stats#all_matchlogs
Getafe,Getafe,scores_and_fixtures,https://fbref.com/en/squads/7848bd64/2018-2019/Getafe-Stats#all_matchlogs
Girona,Girona,scores_and_fixtures,https://fbref.com/en/squads/9024a00a/2018-2019/Girona-Stats#all_matchlogs
Valladolid,Valladolid,scores_and_fixtures,https://fbref.com/en/squads/17859612/2018-2019/Valladolid-Stats#all_matchlogs
Las Palmas,Las_Palmas,scores_and_fixtures,https://fbref.com/en/squads/0049d422/2018-2019/Las-Palmas-Stats#all_matchlogs
Mallorca,Mallorca,scores_and_fixtures,https://fbref.com/en/squads/2aa12281/2018-2019/Mallorca-Stats#all_matchlogs
Osasuna,Osasuna,scores_and_fixtures,https://fbref.com/en/squads/03c57e2b/2018-2019/Osasuna-Stats#all_matchlogs
Rayo Vallecano,Rayo_Vallecano,scores_and_fixtures,https://fbref.com/en/squads/98e8af82/2018-2019/Rayo-Vallecano-Stats#all_matchlogs
Real Madrid,Real_Madrid,scores_and_fixtures,https://fbref.com/en/squads/53a2f082/2018-2019/Real-Madrid-Stats#all_matchlogs
Real Sociedad,Real_Sociedad,scores_and_fixtures,https://fbref.com/en/squads/e31d1cd9/2018-2019/Real-Sociedad-Stats#all_matchlogs
Sevilla,Sevilla,scores_and_fixtures,https://fbref.com/en/squads/ad2be733/2018-2019/Sevilla-Stats#all_matchlogs
Valencia,Valencia,scores_and_fixtures,https://fbref.com/en/squads/dcc91a7b/2018-2019/Valencia-Stats#all_matchlogs
Villarreal,Villarreal,scores_and_fixtures,https://fbref.com/en/squads/2a8183b3/2018-2019/Villarreal-Stats#all_matchlogs
Barcelona,Barcelona,scores_and_fixtures,https://fbref.com/en/squads/206d90db/2017-2018/Barcelona-Stats#all_matchlogs
Alavés,Alaves,scores_and_fixtures,https://fbref.com/en/squads/8d6fd021/2017-2018/Alaves-Stats#all_matchlogs
Leganés,Leganes,scores_and_fixtures,https://fbref.com/en/squads/7c6f2c78/2017-2018/Leganes-Stats#all_matchlogs
Athletic Club,Athletic_Club,scores_and_fixtures,https://fbref.com/en/squads/2b390eca/2017-2018/Athletic-Club-Stats#all_matchlogs
Atlético Madrid,Atletico_Madrid,scores_and_fixtures,https://fbref.com/en/squads/db3b9613/2017-2018/Atletico-Madrid-Stats#all_matchlogs
Real Betis,Real_Betis,scores_and_fixtures,https://fbref.com/en/squads/fc536746/2017-2018/Real-Betis-Stats#all_matchlogs
Espanyol,Espanyol,scores_and_fixtures,https://fbref.com/en/squads/a8661628/2017-2018/Espanyol-Stats#all_matchlogs
Celta Vigo,Celta_Vigo,scores_and_fixtures,https://fbref.com/en/squads/f25da7fb/2017-2018/Celta_Vigo-Stats#all_matchlogs
Getafe,Getafe,scores_and_fixtures,https://fbref.com/en/squads/7848bd64/2017-2018/Getafe-Stats#all_matchlogs
Girona,Girona,scores_and_fixtures,https://fbref.com/en/squads/9024a00a/2017-2018/Girona-Stats#all_matchlogs
Valladolid,Valladolid,scores_and_fixtures,https://fbref.com/en/squads/17859612/2017-2018/Valladolid-Stats#all_matchlogs
Las Palmas,Las_Palmas,scores_and_fixtures,https://fbref.com/en/squads/0049d422/2017-2018/Las-Palmas-Stats#all_matchlogs
Mallorca,Mallorca,scores_and_fixtures,https://fbref.com/en/squads/2aa12281/2017-2018/Mallorca-Stats#all_matchlogs
Osasuna,Osasuna,scores_and_fixtures,https://fbref.com/en/squads/03c57e2b/2017-2018/Osasuna-Stats#all_matchlogs
Rayo Vallecano,Rayo_Vallecano,scores_and_fixtures,https://fbref.com/en/squads/98e8af82/2017-2018/Rayo-Vallecano-Stats#all_matchlogs
Real Madrid,Real_Madrid,scores_and_fixtures,https://fbref.com/en/squads/53a2f082/2017-2018/Real-Madrid-Stats#all_matchlogs
Real Sociedad,Real_Sociedad,scores_and_fixtures,https://fbref.com/en/squads/e31d1cd9/2017-2018/Real-Sociedad-Stats#all_matchlogs
Sevilla,Sevilla,scores_and_fixtures,https://fbref.com/en/squads/ad2be733/2017-2018/Sevilla-Stats#all_matchlogs
Valencia,Valencia,scores_and_fixtures,https://fbref.com/en/squads/dcc91a7b/2017-2018/Valencia-Stats#all_matchlogs
Villarreal,Villarreal,scores_and_fixtures,https://fbref.com/en/squads/2a8183b3/2017-2018/Villarreal-Stats#all_matchlogs
Barcelona,Barcelona,scores_and_fixtures,https://fbref.com/en/squads/206d90db/2016-2017/Barcelona-Stats#all_matchlogs
Alavés,Alaves,scores_and_fixtures,https://fbref.com/en/squads/8d6fd021/2016-2017/Alaves-Stats#all_matchlogs
Leganés,Leganes,scores_and_fixtures,https://fbref.com/en/squads/7c6f2c78/2016-2017/Leganes-Stats#all_matchlogs
Athletic Club,Athletic_Club,scores_and_fixtures,https://fbref.com/en/squads/2b390eca/2016-2017/Athletic-Club-Stats#all_matchlogs
Atlético Madrid,Atletico_Madrid,scores_and_fixtures,https://fbref.com/en/squads/db3b9613/2016-2017/Atletico-Madrid-Stats#all_matchlogs
Real Betis,Real_Betis,scores_and_fixtures,https://fbref.com/en/squads/fc536746/2016-2017/Real-Betis-Stats#all_matchlogs
Espanyol,Espanyol,scores_and_fixtures,https://fbref.com/en/squads/a8661628/2016-2017/Espanyol-Stats#all_matchlogs
Celta Vigo,Celta_Vigo,scores_and_fixtures,https://fbref.com/en/squads/f25da7fb/2016-2017/Celta_Vigo-Stats#all_matchlogs
Getafe,Getafe,scores_and_fixtures,https://fbref.com/en/squads/7848bd64/2016-2017/Getafe-Stats#all_matchlogs
Girona,Girona,scores_and_fixtures,https://fbref.com/en/squads/9024a00a/2016-2017/Girona-Stats#all_matchlogs
Valladolid,Valladolid,scores_and_fixtures,https://fbref.com/en/squads/17859612/2016-2017/Valladolid-Stats#all_matchlogs
Las Palmas,Las_Palmas,scores_and_fixtures,https://fbref.com/en/squads/0049d422/2016-2017/Las-Palmas-Stats#all_matchlogs
Mallorca,Mallorca,scores_and_fixtures,https://fbref.com/en/squads/2aa12281/2016-2017/Mallorca-Stats#all_matchlogs
Osasuna,Osasuna,scores_and_fixtures,https://fbref.com/en/squads/03c57e2b/2016-2017/Osasuna-Stats#all_matchlogs
Rayo Vallecano,Rayo_Vallecano,scores_and_fixtures,https://fbref.com/en/squads/98e8af82/2016-2017/Rayo-Vallecano-Stats#all_matchlogs
Real Madrid,Real_Madrid,scores_and_fixtures,https://fbref.com/en/squads/53a2f082/2016-2017/Real-Madrid-Stats#all_matchlogs
Real Sociedad,Real_Sociedad,scores_and_fixtures,https://fbref.com/en/squads/e31d1cd9/2016-2017/Real-Sociedad-Stats#all_matchlogs
Sevilla,Sevilla,scores_and_fixtures,https://fbref.com/en/squads/ad2be733/2016-2017/Sevilla-Stats#all_matchlogs
Valencia,Valencia,scores_and_fixtures,https://fbref.com/en/squads/dcc91a7b/2016-2017/Valencia-Stats#all_matchlogs
Villarreal,Villarreal,scores_and_fixtures,https://fbref.com/en/squads/2a8183b3/2016-2017/Villarreal-Stats#all_matchlogs
Barcelona,Barcelona,scores_and_fixtures,https://fbref.com/en/squads/206d90db/2015-2016/Barcelona-Stats#all_matchlogs
Alavés,Alaves,scores_and_fixtures,https://fbref.com/en/squads/8d6fd021/2015-2016/Alaves-Stats#all_matchlogs
Leganés,Leganes,scores_and_fixtures,https://fbref.com/en/squads/7c6f2c78/2015-2016/Leganes-Stats#all_matchlogs
Athletic Club,Athletic_Club,scores_and_fixtures,https://fbref.com/en/squads/2b390eca/2015-2016/Athletic-Club-Stats#all_matchlogs
Atlético Madrid,Atletico_Madrid,scores_and_fixtures,https://fbref.com/en/squads/db3b9613/2015-2016/Atletico-Madrid-Stats#all_matchlogs
Real Betis,Real_Betis,scores_and_fixtures,https://fbref.com/en/squads/fc536746/2015-2016/Real-Betis-Stats#all_matchlogs
Espanyol,Espanyol,scores_and_fixtures,https://fbref.com/en/squads/a8661628/2015-2016/Espanyol-Stats#all_matchlogs
Celta Vigo,Celta_Vigo,scores_and_fixtures,https://fbref.com/en/squads/f25da7fb/2015-2016/Celta_Vigo-Stats#all_matchlogs
Getafe,Getafe,scores_and_fixtures,https://fbref.com/en/squads/7848bd64/2015-2016/Getafe-Stats#all_matchlogs
Girona,Girona,scores_and_fixtures,https://fbref.com/en/squads/9024a00a/2015-2016/Girona-Stats#all_matchlogs
Valladolid,Valladolid,scores_and_fixtures,https://fbref.com/en/squads/17859612/2015-2016/Valladolid-Stats#all_matchlogs
Las Palmas,Las_Palmas,scores_and_fixtures,https://fbref.com/en/squads/0049d422/2015-2016/Las-Palmas-Stats#all_matchlogs
Mallorca,Mallorca,scores_and_fixtures,https://fbref.com/en/squads/2aa12281/2015-2016/Mallorca-Stats#all_matchlogs
Osasuna,Osasuna,scores_and_fixtures,https://fbref.com/en/squads/03c57e2b/2015-2016/Osasuna-Stats#all_matchlogs
Rayo Vallecano,Rayo_Vallecano,scores_and_fixtures,https://fbref.com/en/squads/98e8af82/2015-2016/Rayo-Vallecano-Stats#all_matchlogs
Real Madrid,Real_Madrid,scores_and_fixtures,https://fbref.com/en/squads/53a2f082/2015-2016/Real-Madrid-Stats#all_matchlogs
Real Sociedad,Real_Sociedad,scores_and_fixtures,https://fbref.com/en/squads/e31d1cd9/2015-2016/Real-Sociedad-Stats#all_matchlogs
Sevilla,Sevilla,scores_and_fixtures,https://fbref.com/en/squads/ad2be733/2015-2016/Sevilla-Stats#all_matchlogs
Valencia,Valencia,scores_and_fixtures,https://fbref.com/en/squads/dcc91a7b/2015-2016/Valencia-Stats#all_matchlogs
Villarreal,Villarreal,scores_and_fixtures,https://fbref.com/en/squads/2a8183b3/2015-2016/Villarreal-Stats#all_matchlogs
Barcelona,Barcelona,scores_and_fixtures,https://fbref.com/en/squads/206d90db/2014-2015/Barcelona-Stats#all_matchlogs
Alavés,Alaves,scores_and_fixtures,https://fbref.com/en/squads/8d6fd021/2014-2015/Alaves-Stats#all_matchlogs
Leganés,Leganes,scores_and_fixtures,https://fbref.com/en/squads/7c6f2c78/2014-2015/Leganes-Stats#all_matchlogs
Athletic Club,Athletic_Club,scores_and_fixtures,https://fbref.com/en/squads/2b390eca/2014-2015/Athletic-Club-Stats#all_matchlogs
Atlético Madrid,Atletico_Madrid,scores_and_fixtures,https://fbref.com/en/squads/db3b9613/2014-2015/Atletico-Madrid-Stats#all_matchlogs
Real Betis,Real_Betis,scores_and_fixtures,https://fbref.com/en/squads/fc536746/2014-2015/Real-Betis-Stats#all_matchlogs
Espanyol,Espanyol,scores_and_fixtures,https://fbref.com/en/squads/a8661628/2014-2015/Espanyol-Stats#all_matchlogs
Celta Vigo,Celta_Vigo,scores_and_fixtures,https://fbref.com/en/squads/f25da7fb/2014-2015/Celta_Vigo-Stats#all_matchlogs
Getafe,Getafe,scores_and_fixtures,https://fbref.com/en/squads/7848bd64/2014-2015/Getafe-Stats#all_matchlogs
Girona,Girona,scores_and_fixtures,https://fbref.com/en/squads/9024a00a/2014-2015/Girona-Stats#all_matchlogs
Valladolid,Valladolid,scores_and_fixtures,https://fbref.com/en/squads/17859612/2014-2015/Valladolid-Stats#all_matchlogs
Las Palmas,Las_Palmas,scores_and_fixtures,https://fbref.com/en/squads/0049d422/2014-2015/Las-Palmas-Stats#all_matchlogs
Mallorca,Mallorca,scores_and_fixtures,https://fbref.com/en/squads/2aa12281/2014-2015/Mallorca-Stats#all_matchlogs
Osasuna,Osasuna,scores_and_fixtures,https://fbref.com/en/squads/03c57e2b/2014-2015/Osasuna-Stats#all_matchlogs
Rayo Vallecano,Rayo_Vallecano,scores_and_fixtures,https://fbref.com/en/squads/98e8af82/2014-2015/Rayo-Vallecano-Stats#all_matchlogs
Real Madrid,Real_Madrid,scores_and_fixtures,https://fbref.com/en/squads/53a2f082/2014-2015/Real-Madrid-Stats#all_matchlogs
Real Sociedad,Real_Sociedad,scores_and_fixtures,https://fbref.com/en/squads/e31d1cd9/2014-2015/Real-Sociedad-Stats#all_matchlogs
Sevilla,Sevilla,scores_and_fixtures,https://fbref.com/en/squads/ad2be733/2014-2015/Sevilla-Stats#all_matchlogs
Valencia,Valencia,scores_and_fixtures,https://fbref.com/en/squads/dcc91a7b/2014-2015/Valencia-Stats#all_matchlogs
Villarreal,Villarreal,scores_and_fixtures,https://fbref.com/en/squads/2a8183b3/2014-2015/Villarreal-Stats#all_matchlogs